{
"no": [
8,
2,
4,
2,
1,
2,
4,
1,
2,
8,
16,
2,
4,
8,
8,
2,
4,
2,
1,
2,
4,
4,
2,
1,
32,
1,
2,
4,
1,
4,
2,
4,
8,
4,
2,
8,
4,
2,
128,
4,
2,
1,
1,
4,
2,
4,
8,
4,
2,
2,
4,
8,
64,
8,
4,
2,
132,
1,
2,
4,
1,
1,
2,
4,
2,
2,
130,
1,
4,
1,
1,
2,
4,
1,
2,
4,
130,
1,
2,
4,
1,
1,
2,
4,
2,
2,
130,
1,
4,
1,
1,
2,
4,
1,
2,
4,
20,
8,
4,
2,
8,
8,
4,
2,
4,
4,
20,
8,
2,
8,
8,
4,
2,
8,
4,
2,
144,
6,
20,
2,
8,
8,
4,
2,
4,
4,
20,
8,
2,
8,
9,
9,
9,
9,
128,
16,
2,
4,
16,
4,
2,
4,
2,
4,
8,
4,
16,
2,
4,
8,
4,
2,
1,
32,
4,
8,
1,
2,
4,
8,
4,
2,
2,
4,
1,
2,
4,
2,
128,
32,
1,
2,
4,
8,
1,
16,
2,
4,
16,
32,
4,
8,
64,
16,
128,
4,
2,
128,
2,
4,
2,
4,
2,
1,
2,
128,
4,
2,
1,
2,
4,
8,
64,
2,
1,
8,
4,
2,
1,
2,
4,
4,
2,
8,
4,
2,
4,
16,
64,
8,
4,
2,
1,
8,
128,
4,
2,
128,
64,
2,
1,
32,
1,
2,
4,
8,
8,
1,
1,
1,
1,
1,
1,
2,
4,
2,
4,
4,
2,
4,
1,
1,
4,
2,
8,
16,
2,
4,
8,
1,
8,
8,
8,
8,
8,
8,
4,
2,
4,
2,
2,
4,
2,
8,
8,
2,
4,
1,
128,
4,
2,
1,
32,
64,
128,
16,
32,
64,
2,
8,
32,
4,
2,
8,
1,
2,
128,
2,
4,
8,
4,
1,
1,
1,
2,
8,
8,
8,
1,
8,
1,
1,
8,
32,
4,
2,
8,
1,
2,
128,
2,
4,
8,
4,
1,
1,
1,
2,
8,
8,
8,
4,
2,
4,
2,
4,
2,
1,
1,
8,
4,
8,
4,
4,
8,
4,
4,
8,
8,
8,
8,
4,
16,
4,
2,
1,
2,
8,
8,
8,
4,
1,
1,
1,
8,
1,
8,
1,
8,
64,
2,
4,
1,
8,
4,
16,
4,
2,
1,
128,
1,
4,
2,
4,
9,
9,
2,
12,
8,
2,
9,
4,
10,
1,
2,
12,
9,
2,
12,
10,
4,
2,
12,
10,
1,
10,
4,
10,
1,
24,
8,
9,
9,
2,
12,
8,
2,
9,
4,
10,
1,
2,
12,
9,
2,
80,
160,
80,
160,
6,
80,
160,
80,
160,
1,
2,
4,
2,
4,
8,
1,
9,
2,
3,
1,
4,
9,
2,
5,
8,
4,
3,
9,
4,
3,
5,
2,
4,
3,
5,
8,
5,
2,
5,
8,
9,
128,
1,
9,
9,
4,
3,
1,
4,
9,
2,
5,
8,
4,
3,
9,
4,
160,
80,
160,
80,
6,
160,
80,
160,
80,
8,
4,
2,
4,
2,
144,
96,
160,
80,
6,
144,
96,
80,
160,
1,
2,
4,
2,
4,
8,
132,
1,
4,
1,
2,
2,
130,
1,
4,
1,
1,
2,
4,
1,
2,
4,
18,
8,
2,
8,
4,
4,
20,
8,
2,
8,
8,
4,
2,
8,
4,
2
],
"last": [
0,
0,
0,
0,
0,
0,
0,
0,
0,
0,
2.7808988764044944,
0,
0,
0,
0,
0,
0,
0,
0,
0,
0,
0,
0,
0,
5.47752808988764,
0,
0,
0,
0,
0,
0,
0,
0,
0,
0,
0,
0,
0,
8.174157303370787,
0,
0,
0,
0,
0,
0,
0,
0,
0,
0,
0,
0,
0,
10.870786516853933,
0,
0,
0,
13.146067415730338,
0,
0,
0,
0,
0,
0,
0,
0,
0,
15.168539325842696,
0,
0,
0,
0,
0,
0,
0,
0,
0,
18.53932584269663,
0,
0,
0,
0,
0,
0,
0,
0,
0,
20.56179775280899,
0,
0,
0,
0,
0,
0,
0,
0,
0,
23.93258426966292,
0,
0,
0,
0,
0,
0,
0,
0,
0,
25.95505617977528,
0,
0,
0,
0,
0,
0,
0,
0,
0,
27.89325842696629,
0,
29.325842696629213,
0,
0,
0,
0,
0,
0,
0,
31.348314606741575,
0,
0,
0,
0,
0,
0,
0,
33.28651685393258,
33.62359550561798,
0,
0,
34.46629213483146,
0,
0,
0,
0,
0,
0,
0,
35.98314606741573,
0,
0,
0,
0,
0,
0,
37.5,
0,
0,
0,
0,
0,
0,
0,
0,
0,
0,
0,
0,
0,
0,
40.19662921348315,
40.533707865168545,
0,
0,
0,
0,
0,
41.544943820224724,
0,
0,
42.21910112359551,
42.5561797752809,
0,
0,
43.48314606741573,
44.07303370786517,
44.41011235955056,
0,
0,
45.252808988764045,
0,
0,
0,
0,
0,
0,
0,
46.76966292134831,
0,
0,
0,
0,
0,
0,
48.28651685393259,
0,
0,
0,
0,
0,
0,
0,
0,
0,
0,
0,
0,
0,
0,
50.98314606741573,
51.32022471910113,
0,
0,
0,
0,
0,
52.331460674157306,
0,
0,
53.00561797752809,
53.342696629213485,
0,
0,
54.18539325842696,
0,
0,
0,
0,
0,
0,
0,
0,
0,
0,
0,
0,
0,
0,
0,
0,
0,
0,
0,
0,
0,
0,
0,
59.41011235955057,
0,
0,
0,
0,
0,
0,
0,
0,
0,
0,
0,
0,
0,
0,
0,
0,
0,
0,
0,
0,
0,
0,
64.80337078651685,
0,
0,
0,
68.00561797752809,
69.35393258426966,
70.70224719101124,
73.39887640449439,
74.74719101123596,
75.58988764044943,
0,
0,
76.76966292134831,
0,
0,
0,
0,
0,
78.28651685393258,
0,
0,
0,
0,
0,
0,
0,
0,
0,
0,
0,
0,
0,
0,
0,
0,
82.16292134831461,
0,
0,
0,
0,
0,
83.67977528089887,
0,
0,
0,
0,
0,
0,
0,
0,
0,
0,
0,
0,
0,
0,
0,
0,
0,
0,
0,
0,
0,
0,
0,
0,
0,
0,
0,
0,
0,
0,
0,
0,
89.07303370786516,
0,
0,
0,
0,
0,
0,
0,
0,
0,
0,
0,
0,
0,
0,
0,
0,
92.9494382022472,
0,
0,
0,
0,
0,
94.46629213483146,
0,
0,
0,
96.99438202247191,
0,
0,
0,
0,
0,
0,
0,
0,
0,
0,
0,
0,
0,
0,
0,
0,
0,
0,
0,
0,
0,
0,
0,
0,
0,
0,
0,
0,
0,
102.89325842696628,
0,
0,
0,
0,
0,
0,
0,
0,
0,
0,
0,
0,
0,
0,
0,
105.92696629213482,
106.09550561797752,
106.26404494382022,
106.60112359550561,
0,
106.938202247191,
107.1067415730337,
107.2752808988764,
107.61235955056179,
0,
0,
0,
0,
0,
0,
0,
0,
0,
0,
0,
0,
0,
0,
0,
0,
0,
0,
0,
0,
0,
0,
0,
0,
0,
0,
0,
0,
0,
0,
0,
0,
113.67977528089887,
0,
0,
0,
0,
0,
0,
0,
0,
0,
0,
0,
0,
0,
0,
0,
116.71348314606742,
116.88202247191012,
117.0505617977528,
117.3876404494382,
0,
117.7247191011236,
117.8932584269663,
118.06179775280899,
118.39887640449437,
0,
0,
0,
0,
0,
119.41011235955055,
119.57865168539325,
119.74719101123596,
120.08426966292134,
0,
120.42134831460673,
120.58988764044943,
120.75842696629213,
121.09550561797752,
0,
0,
0,
0,
0,
0,
125.0561797752809,
0,
0,
0,
0,
0,
127.07865168539325,
0,
0,
0,
0,
0,
0,
0,
0,
0,
130.4494382022472,
0,
0,
0,
0,
0,
132.47191011235955,
0,
0,
0,
0,
0,
0,
0,
0,
0
],