{
  "number" : 528,
"no": [
9,
128,
64,
2,
16,
1,
2,
4,
8,
128,
4,
4,
32,
16,
15,
4,
8,
4,
2,
1,
2,
2,
2,
1,
8,
8,
4,
2,
1,
2,
4,
8,
8,
4,
8,
4,
2,
1,
2,
2,
2,
1,
8,
8,
4,
2,
1,
2,
4,
8,
8,
2,
1,
2,
4,
8,
4,
4,
4,
8,
1,
1,
2,
4,
8,
4,
4,
4,
8,
1,
2,
1,
2,
4,
8,
4,
4,
4,
8,
1,
1,
2,
4,
8,
4,
4,
4,
8,
1,
1,
2,
4,
8,
8,
4,
2,
1,
1,
2,
4,
8,
8,
4,
2,
4,
8,
1,
2,
4,
2,
4,
8,
4,
1,
2,
4,
8,
8,
4,
2,
1,
1,
2,
4,
8,
8,
2,
4,
1,
1,
2,
4,
8,
2,
4,
8,
4,
8,
4,
2,
1,
1,
2,
4,
2,
8,
4,
2,
4,
1,
2,
1,
8,
1,
8,
4,
2,
4,
2,
1,
2,
8,
4,
2,
1,
1,
2,
4,
2,
8,
4,
2,
4,
1,
2,
4,
8,
8,
4,
1,
2,
8,
4,
2,
1,
32,
16,
128,
64,
128,
64,
32,
16,
64,
32,
16,
64,
128,
16,
32,
64,
1,
2,
4,
8,
2,
1,
2,
4,
129,
2,
4,
2,
2,
4,
2,
1,
1,
2,
4,
2,
4,
2,
1,
2,
2,
1,
2,
4,
1,
2,
4,
2,
1,
2,
4,
2,
2,
4,
2,
1,
1,
2,
4,
2,
4,
2,
1,
2,
1,
2,
1,
4,
1,
2,
4,
2,
2,
4,
8,
2,
2,
4,
8,
1,
2,
4,
8,
2,
2,
4,
8,
4,
1,
2,
4,
8,
2,
4,
8,
4,
8,
4,
2,
1,
8,
4,
2,
1,
1,
2,
4,
8,
1,
2,
4,
8,
8,
4,
2,
1,
8,
4,
2,
1,
1,
2,
4,
8,
1,
2,
4,
8,
8,
4,
2,
1,
8,
4,
2,
1,
1,
2,
4,
8,
1,
2,
4,
8,
8,
4,
2,
9,
4,
2,
1,
8,
4,
2,
1,
15,
2,
8,
4,
2,
2,
1,
1,
2,
2,
4,
2,
4,
8,
4,
2,
16,
2,
4,
128,
2,
4,
16,
4,
2,
1,
2,
4,
2,
8,
2,
4,
8,
4,
1,
2,
4,
4,
8,
8,
4,
4,
2,
4,
2,
1,
2,
4,
128,
4,
2,
16,
32,
64,
128,
2,
8,
2,
1,
2,
4,
8,
4,
2,
1,
128,
32,
64,
32,
64,
16,
32,
64,
32,
128,
4,
64,
32,
8,
2,
4,
1,
64,
32,
8,
2,
1,
2,
4,
8,
2,
4,
8,
2,
8,
8,
4,
2,
1,
1,
2,
2,
4,
2,
4,
8,
4,
1,
32,
1,
1,
2,
4,
8,
8,
4,
4,
2,
4,
2,
1,
2,
4,
8,
8,
64,
8,
8,
4,
2,
1,
1,
2,
2,
4,
2,
4,
8,
4,
1,
32,
8,
4,
16,
32,
64,
128,
2,
8,
2,
1,
2,
4,
8,
4,
2,
1,
4,
2,
192,
96,
48,
144,
9,
6,
8,
1,
4,
2,
1,
2,
4,
128
],
"last": [
0,
3.694029850746269,
4.365671641791044,
0,
6.156716417910448,
0,
0,
0,
0,
10.41044776119403,
0,
0,
11.753731343283583,
14.776119402985074,
0,
0,
0,
0,
0,
0,
0,
0,
0,
0,
0,
0,
0,
0,
0,
0,
0,
0,
0,
0,
0,
0,
0,
0,
0,
0,
0,
0,
0,
0,
0,
0,
0,
0,
0,
0,
0,
0,
0,
0,
0,
0,
0,
0,
0,
0,
0,
0,
0,
0,
0,
0,
0,
0,
0,
0,
0,
0,
0,
0,
0,
0,
0,
0,
0,
0,
0,
0,
0,
0,
0,
0,
0,
0,
0,
0,
0,
0,
0,
0,
0,
0,
0,
0,
0,
0,
0,
0,
0,
0,
0,
0,
0,
0,
0,
0,
0,
0,
0,
0,
0,
0,
0,
0,
0,
0,
0,
0,
0,
0,
0,
0,
0,
0,
0,
0,
0,
0,
0,
0,
0,
0,
0,
0,
0,
0,
0,
0,
0,
0,
0,
0,
0,
0,
0,
0,
0,
0,
0,
0,
0,
0,
0,
0,
0,
0,
0,
0,
0,
0,
0,
0,
0,
0,
0,
0,
0,
0,
0,
0,
0,
0,
0,
0,
0,
0,
0,
0,
0,
0,
0,
46.67910447761194,
47.57462686567164,
49.365671641791046,
49.8134328358209,
50.26119402985075,
50.7089552238806,
51.156716417910445,
52.94776119402985,
53.3955223880597,
53.843283582089555,
54.291044776119406,
54.73880597014925,
55.41044776119403,
56.082089552238806,
56.64179104477612,
57.3134328358209,
0,
0,
0,
0,
0,
0,
0,
0,
65.3731343283582,
0,
0,
0,
0,
0,
0,
0,
0,
0,
0,
0,
0,
0,
0,
0,
0,
0,
0,
0,
0,
0,
0,
0,
0,
0,
0,
0,
0,
0,
0,
0,
0,
0,
0,
0,
0,
0,
0,
0,
0,
0,
0,
0,
0,
0,
0,
0,
0,
0,
0,
0,
0,
0,
0,
0,
0,
0,
0,
0,
0,
0,
0,
0,
0,
0,
0,
0,
0,
0,
0,
0,
0,
0,
0,
0,
0,
0,
0,
0,
0,
0,
0,
0,
0,
0,
0,
0,
0,
0,
0,
0,
0,
0,
0,
0,
0,
0,
0,
0,
0,
0,
0,
0,
0,
0,
0,
0,
0,
0,
0,
0,
0,
0,
0,
0,
0,
0,
0,
0,
0,
0,
0,
0,
0,
0,
0,
0,
0,
0,
0,
0,
0,
0,
0,
0,
0,
0,
0,
0,
0,
0,
0,
0,
0,
0,
0,
82.72388059701493,
0,
0,
83.73134328358209,
0,
0,
84.6268656716418,
0,
0,
0,
0,
0,
0,
0,
0,
0,
0,
0,
0,
0,
0,
0,
0,
0,
0,
0,
0,
0,
0,
0,
0,
0,
89.88805970149254,
0,
0,
90.8955223880597,
91.23134328358209,
91.56716417910448,
91.90298507462687,
0,
0,
0,
0,
0,
0,
0,
0,
0,
0,
95.26119402985074,
95.3731343283582,
95.93283582089552,
96.38059701492537,
96.82835820895522,
97.27611940298507,
97.72388059701493,
98.3955223880597,
99.06716417910448,
100.63432835820896,
0,
101.9776119402985,
103.99253731343283,
0,
0,
0,
0,
105.55970149253731,
107.1268656716418,
0,
0,
0,
0,
0,
0,
0,
0,
0,
0,
0,
0,
0,
0,
0,
0,
0,
0,
0,
0,
0,
0,
0,
0,
111.82835820895522,
0,
0,
0,
0,
0,
0,
0,
0,
0,
0,
0,
0,
0,
0,
0,
0,
115.41044776119404,
0,
0,
0,
0,
0,
0,
0,
0,
0,
0,
0,
0,
0,
0,
118.54477611940298,
0,
0,
119.55223880597015,
119.88805970149254,
120.22388059701493,
120.55970149253731,
0,
0,
0,
0,
0,
0,
0,
0,
0,
0,
0,
0,
123.0223880597015,
123.35820895522389,
123.69402985074628,
124.02985074626865,
0,
0,
0,
0,
0,
0,
0,
0,
0,
129.29104477611938
],